Score Category,Score,Median,Std
< -3 ,0.7771644986974887,0.8121441304683685,0.167930678401153
-3 - 3,0.7857861491928271,0.8303467631340027,0.16302357974479273
> 3,0.7926428942799875,0.8225886523723602,0.15477033538720592
