Kick Category,Score,Median,Std
< 20,0.9324515232673058,0.9811310768127441,0.0997815075334057
20-29,0.9084130608644642,0.9493663609027863,0.08575280394114687
30-39,0.8518091476468183,0.8708301186561584,0.07470113779352194
40-49,0.710582358890839,0.7208898067474365,0.0832473011627899
50+,0.5472730384316555,0.5437124371528625,0.09867051430068283
