Kick Category,Score,Median,Std
< 20,0.9663107761969933,0.9852403402328491,0.048032644366658515
20-29,0.9559181395124217,0.9644623398780823,0.035636901177452295
30-39,0.8727815933328457,0.8844558894634247,0.06373155266128719
40-49,0.7046416536141397,0.7063813805580139,0.09129402919977761
50+,0.5483766737988445,0.5522251725196838,0.09172067193218209
